,City,Latitude,Temperature (F),Humidity (%),Cloudiness (%),Wind Speed (mph)
0,Caravelas,-17.73,90.41,54.0,0.0,3.87
1,Jamestown,-33.21,76.01,26.0,100.0,9.75
2,Talakan,50.29,24.35,55.0,0.0,0.31
3,Nova Venecia,-18.71,85.73,64.0,42.0,3.36
4,Arraial Do Cabo,-22.97,81.52,74.0,20.0,17.22
5,Cabo San Lucas,22.89,68.77,30.0,75.0,5.82
6,Iqaluit,63.75,24.39,79.0,75.0,8.05
8,San Vicente De Canete,-13.08,69.53,86.0,97.0,8.93
9,Nikolskoye,59.7,55.92,46.0,20.0,13.42
10,Namibe,-15.19,75.2,41.0,20.0,9.17
11,Mar Del Plata,-46.43,58.01,43.0,60.0,18.77
12,Mahebourg,-20.41,80.4,69.0,40.0,4.7
13,Bluff,-23.58,68.27,78.0,0.0,9.06
14,Santa Maria,-29.69,66.2,88.0,0.0,2.24
16,Hamilton,32.3,69.55,60.0,20.0,11.41
17,Punta Arenas,-53.16,46.18,81.0,20.0,24.16
19,Ilhabela,-23.78,75.83,76.0,0.0,11.59
20,Bambous Virieux,-20.34,80.47,69.0,40.0,4.7
21,Nichinan,31.65,62.4,77.0,40.0,10.29
22,Puerto Ayora,-0.74,78.91,88.0,40.0,8.05
23,Haines Junction,60.75,24.17,51.0,24.0,7.78
24,Irshava,48.32,67.32,13.0,0.0,15.66
25,Geraldton,49.72,35.6,64.0,20.0,2.24
26,Albany,42.65,63.34,68.0,75.0,19.46
27,Bredasdorp,-34.53,71.55,44.0,100.0,19.46
28,Ambon,47.55,72.7,41.0,0.0,4.7
29,Ushuaia,-54.81,40.82,81.0,75.0,29.97
30,Muros,42.77,64.65,72.0,40.0,12.75
31,Sao Joao Da Barra,-21.64,82.4,65.0,20.0,4.7
32,Kavieng,-2.57,83.39,74.0,100.0,8.55
33,Tuktoyaktuk,69.44,8.33,94.0,81.0,12.77
34,Kapaa,22.08,72.97,73.0,75.0,17.22
35,Half Moon Bay,37.46,51.66,82.0,1.0,2.89
36,Rikitea,-23.12,78.35,74.0,3.0,7.0
38,Tual,-5.67,85.19,74.0,41.0,11.77
39,Seoul,37.57,54.07,62.0,1.0,1.3
40,Srednekolymsk,67.46,4.55,87.0,45.0,3.11
41,Manbij,36.53,50.0,76.0,75.0,11.41
42,Provideniya,64.42,8.51,59.0,100.0,3.85
43,Kaitangata,-46.28,52.0,86.0,100.0,1.01
44,Isla Vista,34.41,53.47,100.0,90.0,0.47
45,Hobart,-42.88,44.06,87.0,0.0,3.36
46,Buala,-8.15,80.51,84.0,100.0,14.09
47,Dodoma,-6.18,82.31,49.0,100.0,2.86
48,Avarua,-21.21,73.4,83.0,100.0,9.17
50,Cherskiy,68.75,-3.56,93.0,2.0,7.36
51,Pomichna,48.24,51.53,40.0,97.0,13.76
52,Cervo,-22.19,73.4,56.0,0.0,2.24
53,Roma,41.89,68.22,37.0,0.0,11.41
54,Saint-Philippe,45.36,53.49,93.0,90.0,3.36
55,Mount Isa,-20.73,71.6,53.0,0.0,6.93
56,Luderitz,-26.65,66.2,63.0,72.0,9.17
57,Lashio,22.93,77.27,35.0,0.0,2.08
58,Hilo,19.71,67.82,88.0,90.0,5.82
59,Kauhajoki,62.43,52.25,57.0,75.0,12.75
60,Tasiilaq,65.61,39.2,84.0,78.0,4.7
61,Ampanihy,-24.69,72.41,72.0,16.0,13.67
62,Vaini,15.34,88.72,35.0,5.0,9.17
63,Butte,46.01,42.42,74.0,1.0,5.82
64,Iquitos,-3.75,42.8,319.0,40.0,2.24
65,Natal,-5.81,91.4,55.0,75.0,10.29
66,Szentlorinckata,47.52,72.01,26.0,0.0,13.87
67,Bontang,0.12,75.83,91.0,89.0,2.26
68,Cape Town,-33.93,65.91,82.0,20.0,12.75
69,Kahului,20.89,68.04,73.0,1.0,13.87
70,Butaritari,3.07,82.67,77.0,100.0,15.46
71,Talnakh,69.49,-5.81,76.0,0.0,4.47
72,Qaanaaq,77.48,-14.89,83.0,97.0,4.79
73,Ozorkow,51.96,70.02,19.0,0.0,10.29
74,Sao Gabriel Da Cachoeira,-0.13,78.8,88.0,75.0,3.36
75,Stavern,59.0,65.35,27.0,0.0,8.05
76,Port Elizabeth,39.31,68.47,82.0,75.0,8.05
77,Barrow,-38.31,71.87,31.0,0.0,2.17
78,Mataura,-46.19,52.0,95.0,100.0,0.81
79,Puerto Leguizamo,-0.19,80.87,85.0,98.0,2.73
80,Pangnirtung,66.15,14.0,85.0,90.0,6.93
84,Hermanus,-34.42,68.45,61.0,100.0,7.0
85,Longhua,29.21,78.89,66.0,0.0,5.79
86,Taoudenni,22.68,96.53,8.0,0.0,21.27
87,Maba,24.68,72.77,89.0,37.0,1.92
88,Saint Anthony,43.97,36.21,80.0,1.0,3.36
89,Khatanga,71.98,-5.36,96.0,48.0,3.29
90,Piacabucu,-10.41,89.51,57.0,92.0,7.52
91,Pasni,25.26,83.93,45.0,0.0,7.78
93,Gumla,23.04,73.85,66.0,98.0,6.98
94,Edson,53.59,39.2,100.0,90.0,6.93
95,Kloulklubed,7.04,78.8,88.0,75.0,6.93
96,Leningradskiy,69.38,-2.83,95.0,3.0,7.0
97,Longyearbyen,78.22,37.4,86.0,75.0,2.24
98,Atambua,-9.11,83.39,71.0,7.0,11.07
99,San Borja,-14.86,86.99,62.0,100.0,1.05
100,Temerloh,3.45,79.43,81.0,36.0,1.59
101,Acari,-6.44,89.51,51.0,100.0,4.99
102,Carlyle,49.63,48.2,49.0,90.0,16.11
103,Nyrob,60.74,35.69,92.0,99.0,4.56
105,Kindia,10.05,99.77,24.0,12.0,6.58
106,Gat,14.69,86.0,40.0,0.0,12.75
107,Pontal Do Parana,-25.67,72.72,88.0,0.0,2.24
108,Dauphin,51.15,48.2,44.0,20.0,9.17
109,Smithers,54.78,30.2,86.0,90.0,3.36
110,Xuddur,4.12,93.11,36.0,60.0,5.64
111,East London,-33.02,78.8,69.0,0.0,11.41
113,Biak,-0.91,66.65,99.0,100.0,1.7
114,Lavrentiya,65.58,-7.33,81.0,0.0,5.46
116,Khalkhal,37.62,35.33,90.0,90.0,9.17
117,Carnarvon,-30.97,80.69,6.0,83.0,23.09
118,Benton Harbor,42.12,40.57,81.0,90.0,10.29
119,Bay Roberts,47.58,40.32,51.0,90.0,8.05
120,Port Alfred,-33.59,73.0,79.0,98.0,1.99
121,Alihe,50.57,37.13,31.0,0.0,7.34
122,Nemuro,43.32,35.69,78.0,82.0,14.9
123,Jalingo,10.21,104.81,7.0,54.0,2.48
124,Grand Gaube,-20.01,80.78,69.0,40.0,4.7
125,Sretensk,52.24,28.67,47.0,45.0,15.99
126,Rio Gallegos,-51.62,46.4,81.0,0.0,18.34
127,Ribeira Grande,38.52,62.6,100.0,75.0,9.17
128,Mackay,53.65,37.42,93.0,40.0,3.36
129,Nanakuli,21.39,71.94,82.0,75.0,3.36
130,Fortuna,38.18,57.15,93.0,75.0,2.24
131,Salalah,17.01,86.0,66.0,40.0,12.75
132,Lata,30.78,29.75,98.0,98.0,0.4
133,Westport,53.8,61.65,48.0,0.0,11.41
135,Gawler,-34.6,76.86,29.0,0.0,10.29
136,Ekuvukeni,-28.47,81.23,32.0,25.0,4.52
137,Guamuchil,25.47,78.71,29.0,85.0,1.14
138,Namatanai,-3.66,76.37,88.0,94.0,3.38
139,Busselton,-33.64,44.98,97.0,95.0,30.02
140,Les Trois-Ilets,14.54,81.19,65.0,75.0,18.34
141,Port Shepstone,-30.74,73.49,85.0,0.0,4.81
142,Broken Hill,-31.97,71.6,30.0,42.0,8.05
143,Richards Bay,-28.77,79.43,78.0,0.0,24.38
144,Wyszkow,52.59,68.99,24.0,0.0,10.29
145,Altamont,49.4,45.52,70.0,1.0,6.93
146,Fairbanks,64.84,27.03,86.0,90.0,3.36
147,Dikson,73.51,-0.13,94.0,91.0,3.02
148,Hithadhoo,-0.6,85.19,79.0,100.0,13.69
149,Tanout,14.97,100.85,4.0,0.0,8.93
150,Hai Duong,20.94,85.14,89.0,0.0,6.93
151,Sandakan,5.84,82.08,83.0,75.0,4.7
152,Ust-Tsilma,65.44,35.33,95.0,100.0,5.75
153,Luorong,24.41,77.99,87.0,3.0,4.23
154,Ilulissat,69.22,15.8,47.0,0.0,9.17
155,Alcudia,39.85,62.71,72.0,100.0,24.16
156,Pierre,44.37,39.47,93.0,1.0,4.7
157,Northam,51.04,70.99,49.0,0.0,5.82
158,Kuningan,-6.98,69.89,94.0,100.0,3.94
159,Matamoros,25.87,58.93,72.0,1.0,5.82
160,Bulawayo,-20.16,79.43,30.0,0.0,10.92
161,Ancud,-41.87,42.8,100.0,1.0,5.82
162,Havoysund,71.0,42.8,60.0,75.0,20.8
163,Saint-Pierre,48.95,75.67,33.0,0.0,12.75
164,Shieli,44.18,58.19,39.0,100.0,16.49
165,New Norfolk,-42.78,44.06,87.0,0.0,3.36
166,Torbay,47.66,40.32,48.0,90.0,16.11
167,Matadi,-5.83,91.13,57.0,100.0,4.05
168,Senekal,-28.32,77.45,27.0,31.0,8.55
169,Atar,20.52,94.37,10.0,72.0,11.7
170,Severnoye,54.09,41.09,42.0,14.0,7.78
171,Shetpe,44.14,46.49,45.0,73.0,10.78
172,Gazojak,41.19,60.71,37.0,100.0,12.06
173,Key West,47.93,37.65,100.0,1.0,4.7
174,Celestun,20.87,76.91,82.0,33.0,23.35
175,Bathsheba,13.22,82.4,65.0,20.0,24.16
176,Hasaki,35.73,55.71,67.0,75.0,16.11
177,Upernavik,72.79,6.53,64.0,1.0,6.62
178,Salekhard,66.54,18.77,84.0,1.0,6.6
179,Vila Franca Do Campo,37.72,64.4,93.0,75.0,5.82
180,Sapulpa,36.0,51.42,71.0,1.0,8.05
181,Lebu,8.96,77.0,36.0,40.0,12.75
182,Road Town,18.42,80.87,65.0,40.0,12.75
183,Coquimbo,-29.95,57.2,82.0,90.0,5.82
184,Comodoro Rivadavia,-45.87,57.2,47.0,0.0,17.22
185,Thompson,55.74,33.8,91.0,90.0,5.82
186,Ayagoz,47.96,47.39,69.0,100.0,5.66
187,Shahreza,32.01,57.29,37.0,0.0,34.83
188,Mahajanga,-15.72,91.4,55.0,20.0,6.93
189,Bonfim,-20.33,79.43,42.0,0.0,5.82
190,Warrnambool,-38.38,57.99,76.0,77.0,3.0
191,Maniwaki,46.38,37.49,91.0,100.0,9.73
192,Kieta,-6.22,83.03,73.0,100.0,6.22
193,Pudozh,61.81,41.99,98.0,100.0,4.0
195,Codrington,-28.95,68.23,93.0,75.0,5.82
196,Narsaq,60.91,37.67,45.0,0.0,12.77
197,Mitocu Dragomirnei,47.72,54.39,50.0,40.0,13.87
199,Cidreira,-30.17,76.55,55.0,5.0,6.82
200,Mannargudi,10.67,88.61,59.0,65.0,12.93
201,Mahibadhoo,3.78,85.19,70.0,96.0,9.44
202,Nome,30.04,58.41,67.0,1.0,8.05
203,Cerignola,41.26,65.62,55.0,40.0,5.82
204,Bonavista,48.65,41.0,62.0,100.0,8.99
205,Kamenka,53.19,47.03,28.0,0.0,5.06
206,San Quintin,17.54,79.79,80.0,0.0,1.61
208,Turbiv,49.34,53.6,58.0,40.0,15.66
209,Tongliao,43.61,54.77,13.0,99.0,14.27
211,Vyazemskiy,47.53,34.97,55.0,22.0,7.2
212,Chuy,-33.69,71.33,66.0,94.0,8.39
215,Kenai,60.55,32.18,55.0,90.0,9.17
216,Constitucion,23.99,44.11,51.0,5.0,2.24
217,Xique-Xique,-10.82,84.65,68.0,87.0,5.19
218,La Ronge,55.1,42.8,88.0,90.0,3.36
219,Tiksi,71.64,14.63,83.0,67.0,9.1
220,Padang,-0.92,82.4,88.0,40.0,2.24
221,Yamada,36.58,50.59,66.0,75.0,6.93
222,High Prairie,55.43,42.53,51.0,78.0,14.97
223,Kodiak,39.95,45.63,58.0,1.0,11.41
224,Podbrdo,46.21,65.97,32.0,20.0,3.36
226,Craig,40.52,33.1,86.0,1.0,3.62
227,Acapulco,16.86,73.4,88.0,5.0,5.82
228,Ketchikan,55.34,39.2,93.0,90.0,3.36
230,Port Macquarie,-31.43,65.5,100.0,75.0,3.36
231,Colwyn Bay,53.29,70.66,42.0,0.0,5.82
233,Jinka,5.79,80.33,45.0,98.0,2.46
234,Norman Wells,65.28,26.6,86.0,90.0,9.17
236,Zhigansk,66.77,12.83,83.0,1.0,7.23
237,Sayyan,15.17,75.47,56.0,84.0,6.62
238,Pevek,69.7,13.55,93.0,100.0,12.19
239,De-Kastri,51.48,35.33,98.0,100.0,2.44
240,Palmer,-34.85,76.86,29.0,0.0,10.29
241,Anadyr,64.73,8.29,84.0,0.0,6.71
242,Abu Dhabi,24.47,101.03,16.0,0.0,6.93
243,Airai,-8.93,74.39,76.0,10.0,5.88
244,Lujan,-46.57,58.01,43.0,60.0,18.77
245,Chokurdakh,70.62,1.49,84.0,0.0,5.57
246,Pano Aqil,27.86,98.6,30.0,0.0,11.41
247,North Bend,43.41,52.57,93.0,90.0,5.82
249,Aitape,-3.15,78.35,83.0,46.0,3.27
250,Severo-Kurilsk,50.68,34.43,90.0,1.0,23.15
251,Campo Grande,-20.46,82.4,65.0,75.0,11.41
252,Atuona,-9.8,83.21,73.0,18.0,9.48
253,Ryabovo,60.34,55.0,64.0,98.0,25.99
254,Balotra,25.83,91.31,18.0,0.0,5.46
255,Murgab,37.5,71.6,53.0,75.0,16.11
256,Igrim,63.19,31.37,77.0,31.0,5.35
257,Knysna,-34.04,71.6,56.0,0.0,10.29
258,Alofi,-19.06,77.0,73.0,75.0,19.46
259,Beruwala,6.48,86.99,68.0,100.0,6.33
260,Tadine,-21.55,77.45,81.0,6.0,24.87
261,Yanam,16.73,89.6,52.0,40.0,12.75
262,Ternate,14.29,85.32,66.0,20.0,6.93
263,Dunda,30.62,82.4,39.0,40.0,4.7
264,Seydi,13.34,102.2,6.0,0.0,6.93
266,Vila,45.18,69.35,42.0,20.0,8.05
268,Rio Hato,8.38,80.24,74.0,100.0,3.36
269,Souillac,45.6,78.22,31.0,0.0,11.41
270,Saint-Paul,45.22,71.46,30.0,0.0,14.99
271,Khovu-Aksy,51.13,28.85,22.0,18.0,5.7
272,Lengshuitan,26.41,74.57,88.0,100.0,3.47
273,Joshimath,30.57,44.69,37.0,23.0,5.06
274,Tura,25.52,81.77,41.0,0.0,5.12
276,Ialibu,-6.28,63.59,99.0,67.0,2.1
278,Robertsport,6.75,89.33,61.0,100.0,8.25
279,Moba,-7.04,74.03,70.0,46.0,3.8
280,Puerto Del Rosario,28.5,70.81,60.0,75.0,18.34
281,Lompoc,34.64,51.8,100.0,90.0,6.58
282,Hami,42.84,68.45,18.0,0.0,1.9
284,Beira,43.2,63.52,68.0,20.0,3.36
285,Barabai,-2.59,76.37,95.0,100.0,1.16
286,Vao,59.1,55.67,38.0,70.0,6.4
287,Fort Nelson,58.81,28.4,74.0,40.0,2.24
289,Kavaratti,10.57,84.47,73.0,69.0,13.13
290,Ulagan,50.63,22.91,56.0,98.0,0.4
291,Hobyo,5.35,84.83,68.0,6.0,11.34
293,San Jose,15.79,81.77,81.0,6.0,3.87
294,Rocca Priora,41.79,68.49,34.0,20.0,8.05
295,Langenzersdorf,48.31,71.15,30.0,0.0,4.7
296,Pingliang,35.54,48.99,66.0,100.0,6.76
297,Kedrovyy,56.17,32.0,76.0,0.0,11.18
298,Yellowknife,62.45,26.28,92.0,90.0,11.41
299,Ponta Do Sol,-20.63,76.91,53.0,0.0,3.13
300,Nicoya,10.15,80.6,65.0,0.0,3.36
301,Nhulunbuy,-12.18,77.0,88.0,8.0,4.7
302,Jumla,29.28,39.83,72.0,1.0,1.7
303,Boende,-0.28,82.31,69.0,100.0,3.67
304,Mumford,5.26,93.29,48.0,100.0,9.24
305,Slave Lake,55.28,42.8,63.0,20.0,16.11
306,Arecibo,18.47,81.45,61.0,1.0,12.75
307,Castro,-42.48,42.8,100.0,100.0,5.82
308,Saskylakh,71.97,-2.83,94.0,43.0,3.98
309,Clyde River,70.47,-7.61,69.0,1.0,5.82
310,Tuatapere,-46.13,52.0,95.0,100.0,3.89
312,Yabassi,4.46,99.05,28.0,93.0,3.74
313,Mujiayingzi,42.12,47.03,44.0,100.0,13.13
316,Rapar,23.57,90.59,22.0,0.0,3.27
317,Chippewa Falls,44.94,35.6,100.0,1.0,5.86
318,Santa Barbara,34.42,54.14,100.0,90.0,0.47
319,Tautira,-17.73,78.35,65.0,20.0,3.36
320,Can,46.08,69.62,46.0,20.0,9.17
321,San Carlos De Bariloche,-41.13,44.6,43.0,0.0,3.36
322,Rosario,-34.31,70.93,68.0,20.0,9.17
323,Izvestkovyy,48.98,26.51,57.0,0.0,4.7
324,Khani,41.96,50.0,93.0,90.0,17.22
325,Te Anau,-45.41,46.85,93.0,100.0,3.38
326,Socorro,13.06,78.01,86.0,1.0,3.67
328,Evensk,61.92,27.77,87.0,65.0,1.3
329,Dubbo,-32.25,66.2,68.0,0.0,10.29
331,Daitari,21.11,85.19,51.0,0.0,7.43
332,Rozvadiv,49.5,60.91,23.0,0.0,13.42
333,Georgetown,6.8,83.25,70.0,75.0,16.11
334,Katsuura,33.93,56.39,71.0,75.0,3.36
335,Manono,-7.3,90.77,45.0,32.0,5.5
336,Beyneu,45.32,46.67,51.0,58.0,8.5
337,Dunedin,-45.87,53.01,86.0,99.0,7.0
338,Sawankhalok,17.31,98.42,34.0,0.0,5.01
339,Moyale,3.52,79.43,68.0,100.0,8.01
340,Mount Gambier,-37.83,64.4,42.0,75.0,8.05
341,Suhbaatar,50.23,24.89,40.0,0.0,1.68
342,Roald,62.58,60.37,50.0,0.0,10.29
343,Pontianak,-0.02,80.6,88.0,75.0,3.36
344,Cabedelo,-6.97,84.2,74.0,40.0,6.93
346,Mandalgovi,45.76,36.77,14.0,88.0,24.61
347,Amposta,40.71,63.19,37.0,0.0,17.22
348,Baculin,7.45,72.05,85.0,21.0,2.84
349,Althofen,46.87,63.64,36.0,20.0,2.24
350,Guerrero Negro,27.97,63.23,73.0,97.0,11.81
351,Kathu,-27.7,88.0,28.0,88.0,3.0
352,Yelan-Kolenovskiy,51.16,50.27,29.0,73.0,3.53
353,Kulaman,6.46,81.05,78.0,21.0,2.64
354,Yuli,10.52,104.45,6.0,15.0,5.19
356,Pangai,-19.8,78.8,78.0,75.0,20.8
357,Bethel,60.79,18.05,85.0,1.0,4.7
359,Vagur,61.47,48.29,89.0,95.0,21.5
360,Idritsa,56.33,58.55,34.0,37.0,4.79
361,Lanxi,29.21,65.21,80.0,4.0,4.32
362,Cotonou,6.37,84.2,94.0,40.0,5.82
363,San Carlos,9.66,90.77,47.0,91.0,3.47
364,Orodara,10.98,93.2,49.0,0.0,9.17
365,Rocha,-34.48,76.19,50.0,98.0,7.96
366,Makakilo City,21.35,71.94,82.0,75.0,3.36
368,Tocopilla,-22.09,62.87,98.0,86.0,17.54
369,Saldanha,41.42,65.03,52.0,95.0,17.76
370,Lensk,60.71,22.73,84.0,100.0,6.78
372,Aldan,58.61,25.43,90.0,100.0,5.28
373,Sur,22.57,89.33,28.0,0.0,5.59
374,Vestmanna,62.16,55.4,71.0,53.0,17.22
376,Ulladulla,-35.36,54.55,100.0,53.0,4.7
378,Normal,40.51,43.54,81.0,90.0,19.46
379,Anse-Bertrand,16.47,82.4,58.0,20.0,16.11
380,Port Lincoln,-34.72,76.37,43.0,13.0,20.71
381,Inhambane,-23.87,82.4,61.0,40.0,9.17
382,Cangzhou,38.3,57.11,24.0,87.0,6.87
383,Wajir,1.75,98.6,35.0,75.0,5.82
384,Takaka,-40.86,52.65,82.0,98.0,1.99
385,Havre-Saint-Pierre,50.23,33.8,99.0,90.0,6.93
386,Coolum Beach,-26.53,68.47,94.0,55.0,1.01
387,Dalmeny,52.34,49.46,49.0,75.0,10.29
388,Cortes,9.28,80.51,73.0,1.0,5.57
390,Wagar,31.44,52.93,85.0,100.0,1.99
391,Mehamn,71.03,42.8,70.0,0.0,10.29
392,Whitefish,48.41,45.73,75.0,90.0,8.05
393,Colesberg,-30.72,78.17,10.0,90.0,17.45
394,Ajdabiya,30.75,65.57,63.0,0.0,17.25
395,Derzhavinsk,51.1,31.55,77.0,100.0,16.91
396,Inuvik,68.36,10.4,92.0,90.0,3.36
397,Nha Trang,12.24,87.8,70.0,20.0,13.87
399,Tezu,27.93,72.41,50.0,52.0,4.97
400,Misratah,32.38,64.13,71.0,10.0,19.22
401,Port Hueneme,34.15,55.22,93.0,90.0,4.7
402,Saint-Augustin,44.83,77.4,31.0,0.0,19.46
404,Shakhtinsk,49.71,28.4,92.0,90.0,22.37
405,Savinka,50.08,48.11,38.0,0.0,5.55
406,Huilong,28.89,66.11,88.0,98.0,5.28
407,Madingou,-4.17,90.41,56.0,74.0,3.15
408,Nueva Helvecia,-34.28,70.88,68.0,20.0,9.17
409,Mogadishu,2.04,89.6,62.0,20.0,11.41
410,Solnechnyy,50.72,27.77,88.0,99.0,9.04
411,Dingle,11.0,78.53,71.0,37.0,6.35
412,Boyolangu,-8.09,73.85,91.0,82.0,3.18
413,Teahupoo,-17.83,78.35,65.0,20.0,3.36
414,Amatitan,20.83,51.8,28.0,5.0,5.82
415,Abashiri,44.01,37.99,67.0,99.0,1.01
416,Jinchang,38.52,48.83,53.0,100.0,9.73
417,Cockburn Town,21.46,78.53,74.0,8.0,20.65
418,Chenghai,23.46,69.8,100.0,90.0,6.71
419,Kholodnyy,62.72,19.85,98.0,100.0,3.91
420,Mitsamiouli,-11.38,86.0,74.0,40.0,13.87
421,Najran,17.54,95.0,21.0,40.0,5.82
423,Grindavik,63.84,49.15,93.0,90.0,29.97
424,Alexandria,31.31,53.47,81.0,75.0,4.7
425,Kupang,-10.16,78.8,78.0,20.0,11.41
426,Gumdag,39.2,54.41,55.0,77.0,9.06
427,Isangel,-19.55,78.8,83.0,75.0,22.15
428,Vardo,39.62,67.86,64.0,75.0,14.99
429,Tiarei,-17.53,78.37,65.0,20.0,3.36
430,Ipua,-20.44,80.51,53.0,0.0,1.14
431,Benguela,-12.58,81.41,82.0,48.0,13.15
432,Dakar,14.69,81.05,69.0,0.0,16.11
433,Athabasca,54.72,43.61,67.0,100.0,11.83
435,Ceres,-29.88,77.09,64.0,100.0,4.99
436,Saint-Leu,-21.15,79.97,66.0,0.0,4.7
437,Juazeiro,-9.43,86.0,62.0,75.0,3.36
438,Touros,-5.2,83.93,74.0,100.0,11.05
439,Los Llanos De Aridane,28.66,66.18,53.0,20.0,16.11
440,Loiza,18.43,81.27,58.0,20.0,16.11
441,Rocky Mountain House,52.38,40.91,74.0,76.0,9.46
442,Goderich,43.74,37.87,89.0,100.0,1.01
443,Dali,25.6,55.85,41.0,0.0,4.47
444,Cap Malheureux,-19.98,80.78,69.0,40.0,4.7
445,Waingapu,-9.65,74.57,86.0,0.0,8.12
446,Moose Factory,51.26,28.4,100.0,90.0,10.29
447,Conceicao Do Almeida,-12.78,83.39,69.0,89.0,3.4
449,Paraiso,24.01,44.33,51.0,5.0,2.24
450,Bolobo,-2.17,89.33,53.0,100.0,5.37
451,Seaforth,-20.9,69.08,94.0,40.0,6.93
452,Tsumeb,-19.25,87.8,15.0,20.0,16.11
453,Kununurra,-15.77,78.8,74.0,3.0,6.58
454,Nantucket,41.28,58.12,87.0,75.0,18.34
455,Aklavik,68.22,10.4,92.0,90.0,3.36
457,Rincon,32.3,74.73,83.0,90.0,24.16
458,Kharan,28.58,87.89,14.0,0.0,5.12
459,Przhevalskoye,55.51,54.95,36.0,0.0,4.18
460,Parakou,9.34,109.85,15.0,100.0,1.68
461,Brejo,-3.68,85.19,75.0,100.0,7.02
462,Puerto Suarez,-18.96,85.12,79.0,16.0,7.14
463,Almaznyy,48.03,50.0,29.0,0.0,20.13
464,Plyussa,58.42,58.01,38.0,59.0,9.13
465,Morondava,-20.3,82.31,83.0,0.0,13.96
466,Yulara,-25.24,66.2,19.0,66.0,4.7
467,Banda Aceh,5.56,85.91,69.0,98.0,6.42
468,Emba,34.81,65.89,40.0,20.0,20.8
469,Waipawa,-39.94,39.99,93.0,3.0,1.99
470,Russell,-33.01,64.4,68.0,40.0,4.7
471,Cam Ranh,11.92,87.8,70.0,20.0,13.87
472,Durango,37.28,35.62,63.0,1.0,3.02
473,Aswan,24.09,86.0,15.0,0.0,12.75
474,Manggar,-2.88,78.89,90.0,100.0,1.39
476,Hualmay,-11.1,68.27,93.0,100.0,9.62
477,Sringeri,13.43,87.8,70.0,20.0,6.93
478,Santa Luzia,-19.77,77.05,64.0,0.0,3.36
479,Bad Freienwalde,52.79,72.57,31.0,0.0,10.29
480,College,64.86,27.05,86.0,90.0,3.36
481,Nuuk,64.17,24.4,58.0,0.0,13.87
482,Ierapetra,35.01,58.42,58.0,40.0,23.04
483,Saint George,39.45,64.27,48.0,40.0,5.82
484,Olinda,-2.03,79.12,74.0,75.0,5.82
485,Lorengau,-2.02,76.91,92.0,97.0,2.46
486,Maceio,-9.67,86.0,58.0,40.0,9.17
487,Sao Filipe,14.9,71.33,86.0,0.0,21.14
488,Korem,12.51,64.67,74.0,100.0,7.16
489,Kosovo Polje,43.8,55.4,43.0,40.0,10.29
490,Sitka,37.17,51.89,44.0,0.0,10.22
491,Inirida,3.87,82.13,79.0,100.0,2.08
492,Limbang,4.75,79.3,100.0,75.0,5.82
493,Aksarka,66.56,19.49,90.0,92.0,5.48
494,Santa Lucia,39.93,63.41,72.0,20.0,8.05
495,Kodinsk,58.6,21.47,75.0,99.0,12.95
496,Nabire,-3.36,70.97,99.0,100.0,1.95
497,General Roca,-39.03,55.4,66.0,0.0,5.82
498,Voznesenye,61.02,46.31,80.0,90.0,6.96
499,Saint-Dizier,48.64,76.26,29.0,0.0,4.7
500,Muzhi,65.4,25.07,81.0,56.0,10.83
501,Thinadhoo,0.53,85.91,73.0,100.0,14.09
502,Labuhan,-2.54,75.83,93.0,99.0,2.75
503,Itanagar,27.1,73.13,66.0,0.0,3.15
504,Port-Gentil,-0.72,89.6,75.0,40.0,12.75
505,Kruisfontein,-34.0,74.39,47.0,100.0,9.46
506,Crib Point,-38.35,55.87,88.0,35.0,6.58
507,Adrar,27.87,91.4,10.0,0.0,24.16
508,Temir,49.14,40.55,29.0,0.0,9.73
509,Atherton,53.52,70.75,40.0,0.0,3.36
510,Sobolevo,54.43,52.79,38.0,90.0,2.33
511,Cotusca,48.13,54.54,50.0,40.0,13.87
512,Port Hardy,50.7,41.0,100.0,90.0,6.93
513,Alice Springs,-23.7,69.8,32.0,9.0,6.93
514,San Ignacio,-36.8,51.89,100.0,90.0,4.7
515,Visnes,59.36,60.4,65.0,0.0,9.17
516,Cap-Aux-Meules,47.38,35.6,93.0,90.0,24.16
517,Ovruch,51.33,55.49,37.0,75.0,8.77
518,Hillsborough,37.57,51.84,82.0,1.0,2.89
519,Okhotsk,59.36,30.47,96.0,100.0,15.05
520,Corinto,-18.36,85.91,53.0,0.0,1.59
521,Dale,24.09,78.89,85.0,0.0,4.05
523,Accra,5.56,87.8,74.0,20.0,12.75
524,Milledgeville,33.08,71.06,83.0,90.0,10.29
525,Chapais,49.78,35.6,85.0,90.0,10.29
526,Matara,-13.74,51.8,62.0,75.0,5.75
528,Bartica,6.41,82.4,83.0,75.0,9.17
529,Teruel,40.34,53.08,87.0,90.0,10.29
530,Kasongo-Lunda,-6.48,88.97,41.0,82.0,4.09
531,Ornes,49.25,72.95,37.0,0.0,8.05
532,Shelburne,44.08,43.41,100.0,90.0,6.93
533,Coxim,-18.5,91.13,50.0,0.0,4.23
534,Batemans Bay,-35.71,53.44,89.0,3.0,1.01
535,Thessalon,46.26,38.46,86.0,1.0,5.82
536,Yuci,37.68,55.4,20.0,0.0,8.95
537,Dingli,35.86,65.17,68.0,20.0,13.87
538,Boksburg,-26.21,77.94,39.0,90.0,2.24
539,Marawi,8.0,80.01,84.0,20.0,1.01
541,Poum,41.28,59.0,47.0,40.0,6.93
542,Veraval,49.65,74.16,35.0,0.0,6.93
543,Klaksvik,62.23,55.4,71.0,39.0,17.22
544,Ballina,54.11,61.39,48.0,0.0,11.41
545,Ust-Omchug,61.13,26.87,93.0,100.0,7.83
546,Saint-Prosper,46.21,50.9,79.0,100.0,5.99
547,Fort Frances,48.61,36.01,74.0,1.0,5.41
548,Hambantota,6.12,82.4,94.0,90.0,3.36
549,Ishigaki,24.34,76.37,85.0,100.0,11.05
550,Dicabisagan,17.08,77.99,79.0,31.0,2.64
551,Yerbogachen,61.28,16.79,87.0,44.0,3.0
552,Royan,45.62,76.89,31.0,0.0,11.41
553,Bandarbeyla,9.49,82.49,60.0,0.0,13.76
554,Sumbe,-11.2,84.2,80.0,40.0,9.17
555,Mizdah,31.45,82.13,19.0,99.0,19.22
556,Ostrovnoy,68.05,34.43,98.0,99.0,10.63
557,Barra Patuca,15.8,80.51,74.0,0.0,16.89
558,Elena,42.93,60.4,39.0,40.0,17.22
559,San Juan,18.47,81.37,57.0,40.0,9.17
560,Jacmel,18.24,84.25,61.0,20.0,20.8
561,Porto Novo,-23.68,66.2,93.0,75.0,11.59
562,Karratha,-20.74,83.57,27.0,98.0,18.99
563,Bure,10.52,104.99,6.0,13.0,4.94
564,Eyrarbakki,63.86,47.77,81.0,90.0,20.8
565,Colac,-38.34,55.47,73.0,60.0,1.01
566,Coihaique,-45.58,47.19,70.0,40.0,3.36
567,Srandakan,-7.94,83.75,80.0,100.0,16.69
568,Kitzingen,49.73,71.49,28.0,20.0,10.29
569,Andilamena,-17.01,68.63,89.0,67.0,7.81
570,Portalegre,39.29,60.58,63.0,90.0,4.7
571,Maniitsoq,65.42,17.87,40.0,0.0,2.68
572,Omboue,-1.57,83.93,82.0,90.0,13.85
573,Laguna,27.52,57.2,62.0,40.0,2.24
574,Kelso,46.14,52.92,87.0,90.0,1.9
575,Holguin,20.89,80.6,65.0,20.0,9.17
576,Puerto Madryn,-42.77,63.05,41.0,0.0,16.75
577,Morant Bay,17.88,82.4,61.0,20.0,17.22
578,Ahipara,-35.17,63.41,74.0,1.0,7.76
579,York,53.96,67.21,45.0,0.0,9.17
581,Velyka Bilozerka,47.27,49.01,46.0,99.0,13.31
582,Alcacer Do Sal,38.37,62.04,63.0,40.0,4.7
583,Casino,-28.86,68.25,93.0,75.0,5.82
584,Sioux Lookout,50.1,38.44,59.0,20.0,2.24
585,Illapel,-31.63,62.33,77.0,59.0,5.84
586,Zemio,5.02,94.19,34.0,90.0,2.35
587,Borogontsy,62.67,18.05,90.0,12.0,7.05
588,Jalu,29.03,78.35,22.0,0.0,11.21
590,Oktyabrskiy,55.61,53.94,26.0,0.0,4.47
591,Prokopyevsk,53.89,27.95,45.0,100.0,4.12
592,Ouallam,14.32,107.87,3.0,1.0,4.41
593,Bonthe,7.53,91.31,57.0,86.0,10.33
594,Dawson Creek,55.76,34.84,74.0,1.0,13.71
595,Shatrovo,42.29,54.1,33.0,40.0,8.05
596,Jacareacanga,-6.22,85.37,81.0,72.0,3.65
598,Nchelenge,-9.35,81.95,66.0,79.0,2.68
599,Homer,59.64,30.76,59.0,75.0,19.46
600,Camacha,33.08,60.8,55.0,20.0,18.34
601,Agaro,7.86,76.91,47.0,83.0,3.33
602,Qinhuangdao,39.94,50.27,26.0,47.0,3.04
603,Kalmunai,7.42,79.43,89.0,100.0,6.33
605,Marsh Harbour,26.54,77.63,81.0,1.0,22.35
606,Ushtobe,45.25,63.41,59.0,100.0,15.73
607,Mercedes,-33.25,75.29,65.0,98.0,6.98
608,Ossora,59.24,27.77,84.0,18.0,3.83
609,Faya,18.39,78.85,38.0,40.0,14.99
610,Alta Floresta,-9.87,84.2,79.0,20.0,2.24
611,Cayenne,4.94,82.4,83.0,96.0,3.36
612,Flinders,-34.58,62.01,100.0,33.0,4.7
613,Faanui,-16.48,84.29,73.0,11.0,7.78
614,Zhob,31.34,69.71,27.0,78.0,8.52
615,Albury,-36.08,58.95,72.0,8.0,1.12
616,Esperance,10.24,84.06,74.0,40.0,18.34
617,Jaguariaiva,-24.25,75.0,75.0,0.0,5.46
618,Haapiti,-17.57,78.37,65.0,20.0,3.36
619,Kaabong,3.51,82.85,36.0,30.0,7.7
621,Bogorodskoye,52.37,29.75,98.0,100.0,7.38
622,Gizo,31.8,64.85,52.0,40.0,20.8
623,Telde,27.99,67.17,56.0,40.0,27.51
624,Sinnamary,5.38,81.41,81.0,44.0,15.39
625,Mirnyy,56.57,50.81,38.0,16.0,3.06
627,Ormara,25.21,82.31,44.0,0.0,14.34
628,Burriana,39.89,56.44,93.0,100.0,18.34
629,Wangqing,43.31,35.33,33.0,0.0,2.24
630,Moranbah,-22.0,66.29,86.0,0.0,9.04
631,Kachiry,53.07,32.99,54.0,100.0,7.47
633,Alanya,36.55,69.8,46.0,20.0,4.7
634,Nanortalik,60.14,32.09,58.0,0.0,16.11
635,Opuwo,-18.06,91.67,24.0,5.0,4.54
636,Erzin,36.95,59.79,48.0,75.0,10.29
637,Yenagoa,4.92,88.61,66.0,86.0,6.62
638,Alyangula,-13.85,77.0,88.0,90.0,3.36
640,Yaqui,27.37,57.2,62.0,40.0,2.24
641,Silifke,36.38,62.15,26.0,33.0,14.0
642,Victoria,5.28,79.52,94.0,90.0,2.24
643,Merauke,-8.49,82.49,78.0,55.0,20.31
644,Ponta Delgada,37.73,64.4,93.0,75.0,5.82
646,Bubaque,11.28,78.17,72.0,3.0,14.81
647,Uong Bi,21.03,84.2,89.0,0.0,6.93
648,Beloha,-25.17,72.41,73.0,100.0,14.54
649,Cartagena,37.63,56.71,87.0,20.0,6.93
651,Yumen,40.29,57.65,40.0,100.0,6.89
652,Mandera,3.94,94.01,40.0,47.0,9.86
653,Iskateley,67.68,33.17,98.0,99.0,10.76
654,Senanga,-16.1,84.47,43.0,86.0,6.22
655,Loos,50.61,74.1,35.0,20.0,11.41
656,Chateauroux,43.72,70.41,38.0,0.0,14.99
657,Portland,45.52,53.13,87.0,75.0,5.82
658,Waitati,-45.75,53.01,86.0,99.0,7.0
659,Seguin,29.57,58.69,66.0,1.0,16.82
660,Hailey,43.52,37.4,60.0,1.0,11.41
661,Coria,39.98,63.0,57.0,75.0,1.99
662,Venice,27.1,80.46,83.0,1.0,21.92
663,Kulhudhuffushi,6.62,85.91,74.0,83.0,13.8
664,Buraydah,26.33,87.8,27.0,0.0,5.82
665,Baherden,38.44,48.83,85.0,89.0,4.05
666,Leh,34.16,23.63,31.0,0.0,4.05
667,Sabang,13.72,81.23,77.0,0.0,11.3
668,Dolores,-36.31,77.63,56.0,19.0,10.4
669,Teguise,29.06,71.6,43.0,40.0,20.8
670,Fontem,5.49,84.65,43.0,98.0,6.93
671,The Valley,18.22,81.07,57.0,40.0,18.34
672,Copiapo,-27.37,60.8,67.0,90.0,2.24
673,Whitehorse,60.72,31.41,64.0,75.0,5.82
675,Trikala,39.56,63.45,48.0,40.0,5.82
676,Hegra,63.46,60.33,36.0,0.0,10.29
677,Mnogovershinnyy,53.94,28.31,97.0,100.0,7.05
678,Kadnikov,59.5,47.93,67.0,48.0,4.36
679,Hinton,53.4,32.09,97.0,100.0,3.06
680,Manama,25.33,91.45,17.0,0.0,8.05
681,Nishihara,35.74,61.66,77.0,75.0,17.22
682,Marystown,47.17,39.0,100.0,100.0,5.01
683,Poopo,-18.38,51.8,62.0,40.0,4.7
684,Liverpool,53.41,71.04,40.0,0.0,3.36
685,Axim,4.87,87.35,66.0,100.0,10.09
686,Maputo,-25.97,84.2,62.0,20.0,17.22
687,Guerande,48.47,69.01,52.0,0.0,14.99
690,Bereda,43.27,62.55,68.0,20.0,3.36
691,Viedma,-40.81,67.19,43.0,0.0,10.65
692,Pisco,-13.71,72.93,30.0,100.0,3.36
694,Tuim,54.34,18.41,74.0,46.0,2.93
695,Cap Estate,14.08,83.08,69.0,40.0,11.41
696,Hailar,49.2,47.39,49.0,49.0,28.16
698,Tuy Hoa,13.08,81.59,72.0,44.0,2.42
699,Sitrah,26.15,92.07,16.0,40.0,5.82
700,Monte Santo,-10.44,91.85,44.0,66.0,3.47
701,Labytnangi,66.66,12.65,91.0,15.0,8.55
702,Shibetsu,44.15,30.47,77.0,1.0,6.49
703,Melilla,-0.8,77.0,83.0,75.0,5.82
704,Iralaya,15.0,77.0,83.0,40.0,6.29
705,Quilpue,-33.05,54.82,100.0,90.0,4.7
706,Ayan,40.67,31.55,87.0,96.0,9.98
707,Oranjestad,12.52,82.4,74.0,20.0,23.04
708,Port Hawkesbury,45.62,38.57,100.0,90.0,14.99
709,Matay,28.42,77.99,24.0,23.0,13.06
710,Eyl,7.98,83.75,61.0,19.0,13.27
711,Vostok,46.45,28.49,61.0,71.0,4.94
712,Ouadda,8.07,90.05,30.0,100.0,7.25
713,Wanaka,-44.7,43.79,94.0,97.0,5.35
715,Maragogi,-9.01,89.87,56.0,98.0,8.66
717,Bull Savanna,17.89,82.67,64.0,0.0,20.2
719,Tucurui,-3.77,88.61,60.0,46.0,4.63
720,Oranjemund,-28.55,60.89,90.0,78.0,8.08
721,Pleasanton,37.66,52.68,87.0,1.0,4.7
722,Bodaybo,57.85,15.71,82.0,100.0,6.33
723,Charleston,38.35,64.26,82.0,90.0,10.29
725,Zhuhai,40.71,55.4,93.0,40.0,6.35
726,Verbivka,47.97,47.75,38.0,100.0,12.5
727,Wangaratta,-36.36,58.46,50.0,3.0,4.76
728,Sibolga,1.74,85.73,75.0,100.0,11.83
729,Svetlogorsk,53.14,44.6,20.0,1.0,8.95
730,Vila Velha,-3.71,83.73,79.0,75.0,2.24
731,Churapcha,62.0,17.33,90.0,13.0,5.59
732,Bayshore Gardens,27.43,79.77,78.0,40.0,20.8
733,Piuma,-20.84,85.37,61.0,1.0,5.08
735,Beihai,38.95,51.8,32.0,0.0,2.24
736,Beringovskiy,63.05,16.79,84.0,0.0,7.61
737,Canyon,34.98,43.88,75.0,1.0,9.17
738,Leshukonskoye,64.9,35.33,91.0,100.0,0.63
739,Islamkot,24.7,91.67,19.0,0.0,5.41
740,Altay,47.83,36.59,41.0,54.0,4.68
741,Karlskrona,56.16,59.0,33.0,0.0,9.17
742,Okha,53.59,33.53,90.0,100.0,12.39
744,Husavik,50.56,44.01,76.0,33.0,3.0
746,Mastung,29.8,73.31,19.0,0.0,6.6
747,Ahuimanu,21.44,71.94,82.0,40.0,11.41
748,Samarai,-10.62,73.13,88.0,23.0,3.09
749,Sajokaza,48.28,66.31,18.0,0.0,18.34
750,Egvekinot,66.32,2.57,90.0,100.0,9.26
753,San Patricio,-26.98,74.57,63.0,100.0,4.5
754,Tekkali,18.62,82.31,77.0,0.0,4.32
755,Makokou,0.56,76.55,95.0,100.0,2.93
756,Portel,38.31,60.8,72.0,40.0,6.93
757,Marzuq,14.4,86.99,33.0,19.0,10.45
758,San Cristobal,-0.39,54.18,93.0,75.0,4.7
759,Muncar,-8.43,74.03,96.0,52.0,3.47
760,Port Augusta,-32.49,80.6,24.0,49.0,11.41
761,Bloomingdale,41.96,41.92,75.0,90.0,10.29
762,Jauja,-11.78,54.59,47.0,21.0,4.23
764,Huntington,38.42,64.62,82.0,90.0,6.93
765,Huarmey,-10.07,69.17,91.0,100.0,10.42
766,Rundu,-17.91,93.2,23.0,7.0,11.41
768,Skvyra,49.73,51.89,50.0,99.0,10.45
769,Burgeo,47.61,33.17,94.0,100.0,24.49
770,Meulaboh,4.14,84.83,75.0,100.0,11.59
771,Sao Jose Da Coroa Grande,-8.9,89.87,56.0,98.0,8.66
772,Brae,60.4,55.35,47.0,0.0,27.51
773,Grahamstown,-33.31,73.0,79.0,98.0,1.99
774,Auki,12.18,102.65,4.0,6.0,5.39
776,Fomboni,-12.28,85.19,74.0,0.0,14.09
777,Paamiut,61.99,27.77,61.0,0.0,19.22
778,Otane,-39.89,39.99,93.0,3.0,1.99
779,Port-Cartier,50.03,34.03,94.0,90.0,5.82
780,Quelimane,-17.88,77.99,79.0,1.0,5.77
782,Tsiroanomandidy,-18.77,74.21,77.0,0.0,2.93
783,Launceston,-41.43,47.28,81.0,39.0,2.24
785,Yichun,47.72,29.75,53.0,0.0,2.89
786,Qingdao,36.09,53.6,32.0,0.0,6.71
788,Casteldaccia,38.05,63.91,77.0,0.0,16.11
789,Rangpur,25.76,88.25,28.0,52.0,5.61
790,Darhan,49.49,27.05,38.0,80.0,6.67
791,Ofaqim,31.31,64.54,57.0,0.0,4.0
792,Eureka,40.8,52.95,93.0,90.0,3.36
